-- MySQL Script generated by MySQL Workbench
-- Sun Dec 13 16:12:58 2015
-- Model: New Model    Version: 1.0
-- MySQL Workbench Forward Engineering

SET @OLD_UNIQUE_CHECKS=@@UNIQUE_CHECKS, UNIQUE_CHECKS=0;
SET @OLD_FOREIGN_KEY_CHECKS=@@FOREIGN_KEY_CHECKS, FOREIGN_KEY_CHECKS=0;
SET @OLD_SQL_MODE=@@SQL_MODE, SQL_MODE='TRADITIONAL,ALLOW_INVALID_DATES';

-- -----------------------------------------------------
-- Schema cmsi486_mflickner
-- -----------------------------------------------------

-- -----------------------------------------------------
-- Schema cmsi486_mflickner
-- -----------------------------------------------------
CREATE SCHEMA IF NOT EXISTS `cmsi486_mflickner` DEFAULT CHARACTER SET utf8 ;
USE `cmsi486_mflickner` ;

-- -----------------------------------------------------
-- Table `cmsi486_mflickner`.`user`
-- -----------------------------------------------------
CREATE TABLE IF NOT EXISTS `cmsi486_mflickner`.`user` (
  `user_id` INT NOT NULL AUTO_INCREMENT,
  `username` VARCHAR(16) NULL,
  `first_name` VARCHAR(45) NULL,
  `last_name` VARCHAR(45) NULL,
  `email` VARCHAR(45) NULL,
  `password` VARCHAR(45) NULL,
  PRIMARY KEY (`user_id`))
ENGINE = InnoDB;


-- -----------------------------------------------------
-- Table `cmsi486_mflickner`.`group`
-- -----------------------------------------------------
CREATE TABLE IF NOT EXISTS `cmsi486_mflickner`.`group` (
  `group_id` INT NOT NULL AUTO_INCREMENT,
  `group_name` VARCHAR(45) NULL,
  PRIMARY KEY (`group_id`))
ENGINE = InnoDB;


-- -----------------------------------------------------
-- Table `cmsi486_mflickner`.`user_group`
-- -----------------------------------------------------
CREATE TABLE IF NOT EXISTS `cmsi486_mflickner`.`user_group` (
  `user_group_id` INT NOT NULL AUTO_INCREMENT,
  `is_group_admin` TINYINT(1) NULL,
  `user_id` INT NOT NULL,
  `group_id` INT NOT NULL,
  PRIMARY KEY (`user_group_id`),
  INDEX `fk_user_group_user_idx` (`user_id` ASC),
  INDEX `fk_user_group_group1_idx` (`group_id` ASC),
  CONSTRAINT `fk_user_group_user`
    FOREIGN KEY (`user_id`)
    REFERENCES `cmsi486_mflickner`.`user` (`user_id`)
    ON DELETE NO ACTION
    ON UPDATE NO ACTION,
  CONSTRAINT `fk_user_group_group1`
    FOREIGN KEY (`group_id`)
    REFERENCES `cmsi486_mflickner`.`group` (`group_id`)
    ON DELETE NO ACTION
    ON UPDATE NO ACTION)
ENGINE = InnoDB;


-- -----------------------------------------------------
-- Table `cmsi486_mflickner`.`task`
-- -----------------------------------------------------
CREATE TABLE IF NOT EXISTS `cmsi486_mflickner`.`task` (
  `task_id` INT NOT NULL AUTO_INCREMENT,
  `task_name` VARCHAR(45) NULL,
  PRIMARY KEY (`task_id`))
ENGINE = InnoDB;


-- -----------------------------------------------------
-- Table `cmsi486_mflickner`.`friendship`
-- -----------------------------------------------------
CREATE TABLE IF NOT EXISTS `cmsi486_mflickner`.`friendship` (
  `friendship_id` INT NOT NULL,
  `user_id` INT NOT NULL,
  `user_id1` INT NOT NULL,
  PRIMARY KEY (`friendship_id`, `user_id`, `user_id1`),
  INDEX `fk_friendship_user1_idx` (`user_id` ASC),
  INDEX `fk_friendship_user2_idx` (`user_id1` ASC),
  CONSTRAINT `fk_friendship_user1`
    FOREIGN KEY (`user_id`)
    REFERENCES `cmsi486_mflickner`.`user` (`user_id`)
    ON DELETE NO ACTION
    ON UPDATE NO ACTION,
  CONSTRAINT `fk_friendship_user2`
    FOREIGN KEY (`user_id1`)
    REFERENCES `cmsi486_mflickner`.`user` (`user_id`)
    ON DELETE NO ACTION
    ON UPDATE NO ACTION)
ENGINE = InnoDB;


-- -----------------------------------------------------
-- Table `cmsi486_mflickner`.`user_group_task`
-- -----------------------------------------------------
CREATE TABLE IF NOT EXISTS `cmsi486_mflickner`.`user_group_task` (
  `user_group_task_id` INT UNSIGNED NOT NULL,
  `is_desi` TINYINT(1) NULL,
  `points` INT UNSIGNED NULL,
  `user_group_id` INT NOT NULL,
  `task_id` INT NOT NULL,
  PRIMARY KEY (`user_group_task_id`),
  INDEX `fk_user_group_task_user_group1_idx` (`user_group_id` ASC),
  INDEX `fk_user_group_task_task1_idx` (`task_id` ASC),
  CONSTRAINT `fk_user_group_task_user_group1`
    FOREIGN KEY (`user_group_id`)
    REFERENCES `cmsi486_mflickner`.`user_group` (`user_group_id`)
    ON DELETE NO ACTION
    ON UPDATE NO ACTION,
  CONSTRAINT `fk_user_group_task_task1`
    FOREIGN KEY (`task_id`)
    REFERENCES `cmsi486_mflickner`.`task` (`task_id`)
    ON DELETE NO ACTION
    ON UPDATE NO ACTION)
ENGINE = InnoDB;


-- -----------------------------------------------------
-- Table `cmsi486_mflickner`.`user_group_task_action`
-- -----------------------------------------------------
CREATE TABLE IF NOT EXISTS `cmsi486_mflickner`.`user_group_task_action` (
  `task_action_id` INT NOT NULL,
  `user_group_task_id` INT UNSIGNED NOT NULL,
  PRIMARY KEY (`task_action_id`),
  INDEX `fk_task_action_user_group_task1_idx` (`user_group_task_id` ASC),
  CONSTRAINT `fk_task_action_user_group_task1`
    FOREIGN KEY (`user_group_task_id`)
    REFERENCES `cmsi486_mflickner`.`user_group_task` (`user_group_task_id`)
    ON DELETE NO ACTION
    ON UPDATE NO ACTION)
ENGINE = InnoDB;


-- -----------------------------------------------------
-- Table `cmsi486_mflickner`.`completion`
-- -----------------------------------------------------
CREATE TABLE IF NOT EXISTS `cmsi486_mflickner`.`completion` (
  `task_action_id` INT NOT NULL,
  `completed_date` DATETIME NULL,
  PRIMARY KEY (`task_action_id`),
  INDEX `fk_completion_task_action1_idx` (`task_action_id` ASC),
  CONSTRAINT `fk_completion_task_action1`
    FOREIGN KEY (`task_action_id`)
    REFERENCES `cmsi486_mflickner`.`user_group_task_action` (`task_action_id`)
    ON DELETE NO ACTION
    ON UPDATE NO ACTION)
ENGINE = InnoDB;


-- -----------------------------------------------------
-- Table `cmsi486_mflickner`.`volunteer_completion`
-- -----------------------------------------------------
CREATE TABLE IF NOT EXISTS `cmsi486_mflickner`.`volunteer_completion` (
  `task_action_id` INT NOT NULL,
  `volunteer_completed` DATETIME NULL,
  PRIMARY KEY (`task_action_id`),
  INDEX `fk_volunteer_completion_task_action1_idx` (`task_action_id` ASC),
  CONSTRAINT `fk_volunteer_completion_task_action1`
    FOREIGN KEY (`task_action_id`)
    REFERENCES `cmsi486_mflickner`.`user_group_task_action` (`task_action_id`)
    ON DELETE NO ACTION
    ON UPDATE NO ACTION)
ENGINE = InnoDB;


-- -----------------------------------------------------
-- Table `cmsi486_mflickner`.`opt_out`
-- -----------------------------------------------------
CREATE TABLE IF NOT EXISTS `cmsi486_mflickner`.`opt_out` (
  `task_action_id` INT NOT NULL,
  `opt_out_date` DATETIME NULL,
  PRIMARY KEY (`task_action_id`),
  CONSTRAINT `fk_opt_out_task_action1`
    FOREIGN KEY (`task_action_id`)
    REFERENCES `cmsi486_mflickner`.`user_group_task_action` (`task_action_id`)
    ON DELETE NO ACTION
    ON UPDATE NO ACTION)
ENGINE = InnoDB;


SET SQL_MODE=@OLD_SQL_MODE;
SET FOREIGN_KEY_CHECKS=@OLD_FOREIGN_KEY_CHECKS;
SET UNIQUE_CHECKS=@OLD_UNIQUE_CHECKS;

-- -----------------------------------------------------
-- Data for table `cmsi486_mflickner`.`user`
-- -----------------------------------------------------
START TRANSACTION;
USE `cmsi486_mflickner`;
INSERT INTO `cmsi486_mflickner`.`user` (`user_id`, `username`, `first_name`, `last_name`, `email`, `password`) VALUES (1, 'mwflickner', 'Matthew', 'Flickenr', 'mwflickner@gmail.com', 'swagflick');
INSERT INTO `cmsi486_mflickner`.`user` (`user_id`, `username`, `first_name`, `last_name`, `email`, `password`) VALUES (2, 'goobypls', 'Gooby', 'Pls', 'goobypls@gmail.com', 'meowswag');
INSERT INTO `cmsi486_mflickner`.`user` (`user_id`, `username`, `first_name`, `last_name`, `email`, `password`) VALUES (3, 'dolanpls', 'Dolan', 'Pls', 'dolanpls@gmail.com', 'meowswag');
INSERT INTO `cmsi486_mflickner`.`user` (`user_id`, `username`, `first_name`, `last_name`, `email`, `password`) VALUES (4, 'jsmith', 'John', 'Smith', 'jsmith@gmail.com', 'jsmitty');

COMMIT;


-- -----------------------------------------------------
-- Data for table `cmsi486_mflickner`.`group`
-- -----------------------------------------------------
START TRANSACTION;
USE `cmsi486_mflickner`;
INSERT INTO `cmsi486_mflickner`.`group` (`group_id`, `group_name`) VALUES (1, 'The House');
INSERT INTO `cmsi486_mflickner`.`group` (`group_id`, `group_name`) VALUES (2, 'Pls');
INSERT INTO `cmsi486_mflickner`.`group` (`group_id`, `group_name`) VALUES (3, 'Matt n Friends');

COMMIT;


-- -----------------------------------------------------
-- Data for table `cmsi486_mflickner`.`user_group`
-- -----------------------------------------------------
START TRANSACTION;
USE `cmsi486_mflickner`;
INSERT INTO `cmsi486_mflickner`.`user_group` (`user_group_id`, `is_group_admin`, `user_id`, `group_id`) VALUES (1, true, 1, 1);
INSERT INTO `cmsi486_mflickner`.`user_group` (`user_group_id`, `is_group_admin`, `user_id`, `group_id`) VALUES (2, false, 2, 1);
INSERT INTO `cmsi486_mflickner`.`user_group` (`user_group_id`, `is_group_admin`, `user_id`, `group_id`) VALUES (3, false, 3, 1);
INSERT INTO `cmsi486_mflickner`.`user_group` (`user_group_id`, `is_group_admin`, `user_id`, `group_id`) VALUES (4, true, 2, 2);
INSERT INTO `cmsi486_mflickner`.`user_group` (`user_group_id`, `is_group_admin`, `user_id`, `group_id`) VALUES (5, false, 3, 2);
INSERT INTO `cmsi486_mflickner`.`user_group` (`user_group_id`, `is_group_admin`, `user_id`, `group_id`) VALUES (6, true, 1, 3);
INSERT INTO `cmsi486_mflickner`.`user_group` (`user_group_id`, `is_group_admin`, `user_id`, `group_id`) VALUES (7, false, 2, 3);

COMMIT;


-- -----------------------------------------------------
-- Data for table `cmsi486_mflickner`.`task`
-- -----------------------------------------------------
START TRANSACTION;
USE `cmsi486_mflickner`;
INSERT INTO `cmsi486_mflickner`.`task` (`task_id`, `task_name`) VALUES (1, 'Empty Dishwasher');
INSERT INTO `cmsi486_mflickner`.`task` (`task_id`, `task_name`) VALUES (2, 'Take out trash');
INSERT INTO `cmsi486_mflickner`.`task` (`task_id`, `task_name`) VALUES (3, 'Designated Driving');
INSERT INTO `cmsi486_mflickner`.`task` (`task_id`, `task_name`) VALUES (4, 'Clean Sink');
INSERT INTO `cmsi486_mflickner`.`task` (`task_id`, `task_name`) VALUES (5, 'Mow Lawn');
INSERT INTO `cmsi486_mflickner`.`task` (`task_id`, `task_name`) VALUES (6, 'Feed Dog');
INSERT INTO `cmsi486_mflickner`.`task` (`task_id`, `task_name`) VALUES (7, 'Vaccum');

COMMIT;


-- -----------------------------------------------------
-- Data for table `cmsi486_mflickner`.`friendship`
-- -----------------------------------------------------
START TRANSACTION;
USE `cmsi486_mflickner`;
INSERT INTO `cmsi486_mflickner`.`friendship` (`friendship_id`, `user_id`, `user_id1`) VALUES (1, 1, 2);
INSERT INTO `cmsi486_mflickner`.`friendship` (`friendship_id`, `user_id`, `user_id1`) VALUES (2, 1, 3);
INSERT INTO `cmsi486_mflickner`.`friendship` (`friendship_id`, `user_id`, `user_id1`) VALUES (3, 1, 4);
INSERT INTO `cmsi486_mflickner`.`friendship` (`friendship_id`, `user_id`, `user_id1`) VALUES (4, 2, 1);
INSERT INTO `cmsi486_mflickner`.`friendship` (`friendship_id`, `user_id`, `user_id1`) VALUES (5, 2, 3);
INSERT INTO `cmsi486_mflickner`.`friendship` (`friendship_id`, `user_id`, `user_id1`) VALUES (6, 2, 4);
INSERT INTO `cmsi486_mflickner`.`friendship` (`friendship_id`, `user_id`, `user_id1`) VALUES (7, 3, 1);
INSERT INTO `cmsi486_mflickner`.`friendship` (`friendship_id`, `user_id`, `user_id1`) VALUES (8, 3, 2);
INSERT INTO `cmsi486_mflickner`.`friendship` (`friendship_id`, `user_id`, `user_id1`) VALUES (9, 3, 4);
INSERT INTO `cmsi486_mflickner`.`friendship` (`friendship_id`, `user_id`, `user_id1`) VALUES (10, 4, 1);
INSERT INTO `cmsi486_mflickner`.`friendship` (`friendship_id`, `user_id`, `user_id1`) VALUES (11, 4, 2);
INSERT INTO `cmsi486_mflickner`.`friendship` (`friendship_id`, `user_id`, `user_id1`) VALUES (12, 4, 3);

COMMIT;


-- -----------------------------------------------------
-- Data for table `cmsi486_mflickner`.`user_group_task`
-- -----------------------------------------------------
START TRANSACTION;
USE `cmsi486_mflickner`;
INSERT INTO `cmsi486_mflickner`.`user_group_task` (`user_group_task_id`, `is_desi`, `points`, `user_group_id`, `task_id`) VALUES (1, true, 7, 1, 1);
INSERT INTO `cmsi486_mflickner`.`user_group_task` (`user_group_task_id`, `is_desi`, `points`, `user_group_id`, `task_id`) VALUES (2, false, 4, 2, 1);
INSERT INTO `cmsi486_mflickner`.`user_group_task` (`user_group_task_id`, `is_desi`, `points`, `user_group_id`, `task_id`) VALUES (3, false, 12, 3, 1);
INSERT INTO `cmsi486_mflickner`.`user_group_task` (`user_group_task_id`, `is_desi`, `points`, `user_group_id`, `task_id`) VALUES (4, false, 0, 1, 2);
INSERT INTO `cmsi486_mflickner`.`user_group_task` (`user_group_task_id`, `is_desi`, `points`, `user_group_id`, `task_id`) VALUES (5, true, 2, 2, 2);
INSERT INTO `cmsi486_mflickner`.`user_group_task` (`user_group_task_id`, `is_desi`, `points`, `user_group_id`, `task_id`) VALUES (6, false, 4, 3, 2);
INSERT INTO `cmsi486_mflickner`.`user_group_task` (`user_group_task_id`, `is_desi`, `points`, `user_group_id`, `task_id`) VALUES (7, false, 6, 1, 3);
INSERT INTO `cmsi486_mflickner`.`user_group_task` (`user_group_task_id`, `is_desi`, `points`, `user_group_id`, `task_id`) VALUES (8, false, 7, 2, 3);
INSERT INTO `cmsi486_mflickner`.`user_group_task` (`user_group_task_id`, `is_desi`, `points`, `user_group_id`, `task_id`) VALUES (9, true, 1, 3, 3);
INSERT INTO `cmsi486_mflickner`.`user_group_task` (`user_group_task_id`, `is_desi`, `points`, `user_group_id`, `task_id`) VALUES (10, true, 9, 4, 6);
INSERT INTO `cmsi486_mflickner`.`user_group_task` (`user_group_task_id`, `is_desi`, `points`, `user_group_id`, `task_id`) VALUES (11, false, 2, 5, 6);
INSERT INTO `cmsi486_mflickner`.`user_group_task` (`user_group_task_id`, `is_desi`, `points`, `user_group_id`, `task_id`) VALUES (12, false, 0, 4, 7);
INSERT INTO `cmsi486_mflickner`.`user_group_task` (`user_group_task_id`, `is_desi`, `points`, `user_group_id`, `task_id`) VALUES (13, true, 2, 5, 7);
INSERT INTO `cmsi486_mflickner`.`user_group_task` (`user_group_task_id`, `is_desi`, `points`, `user_group_id`, `task_id`) VALUES (14, false, 4, 6, 4);
INSERT INTO `cmsi486_mflickner`.`user_group_task` (`user_group_task_id`, `is_desi`, `points`, `user_group_id`, `task_id`) VALUES (15, true, 5, 7, 4);
INSERT INTO `cmsi486_mflickner`.`user_group_task` (`user_group_task_id`, `is_desi`, `points`, `user_group_id`, `task_id`) VALUES (16, false, 2, 6, 5);
INSERT INTO `cmsi486_mflickner`.`user_group_task` (`user_group_task_id`, `is_desi`, `points`, `user_group_id`, `task_id`) VALUES (17, true, 1, 7, 5);

COMMIT;


-- -----------------------------------------------------
-- Data for table `cmsi486_mflickner`.`user_group_task_action`
-- -----------------------------------------------------
START TRANSACTION;
USE `cmsi486_mflickner`;
INSERT INTO `cmsi486_mflickner`.`user_group_task_action` (`task_action_id`, `user_group_task_id`) VALUES (1, 1);
INSERT INTO `cmsi486_mflickner`.`user_group_task_action` (`task_action_id`, `user_group_task_id`) VALUES (2, 2);
INSERT INTO `cmsi486_mflickner`.`user_group_task_action` (`task_action_id`, `user_group_task_id`) VALUES (3, 3);
INSERT INTO `cmsi486_mflickner`.`user_group_task_action` (`task_action_id`, `user_group_task_id`) VALUES (4, 4);
INSERT INTO `cmsi486_mflickner`.`user_group_task_action` (`task_action_id`, `user_group_task_id`) VALUES (5, 5);
INSERT INTO `cmsi486_mflickner`.`user_group_task_action` (`task_action_id`, `user_group_task_id`) VALUES (6, 6);
INSERT INTO `cmsi486_mflickner`.`user_group_task_action` (`task_action_id`, `user_group_task_id`) VALUES (7, 7);
INSERT INTO `cmsi486_mflickner`.`user_group_task_action` (`task_action_id`, `user_group_task_id`) VALUES (8, 8);
INSERT INTO `cmsi486_mflickner`.`user_group_task_action` (`task_action_id`, `user_group_task_id`) VALUES (9, 9);

COMMIT;


-- -----------------------------------------------------
-- Data for table `cmsi486_mflickner`.`completion`
-- -----------------------------------------------------
START TRANSACTION;
USE `cmsi486_mflickner`;
INSERT INTO `cmsi486_mflickner`.`completion` (`task_action_id`, `completed_date`) VALUES (1, '2015-12-10 1:00:00-08:00');
INSERT INTO `cmsi486_mflickner`.`completion` (`task_action_id`, `completed_date`) VALUES (3, '2015-12-05 13:57:00-08:00');
INSERT INTO `cmsi486_mflickner`.`completion` (`task_action_id`, `completed_date`) VALUES (5, '2015-12-09 22:34:00-08:00');
INSERT INTO `cmsi486_mflickner`.`completion` (`task_action_id`, `completed_date`) VALUES (7, '2015-12-08 11:45:00-08:00');
INSERT INTO `cmsi486_mflickner`.`completion` (`task_action_id`, `completed_date`) VALUES (9, '2015-12-06 9:20:00-08:00');

COMMIT;


-- -----------------------------------------------------
-- Data for table `cmsi486_mflickner`.`volunteer_completion`
-- -----------------------------------------------------
START TRANSACTION;
USE `cmsi486_mflickner`;
INSERT INTO `cmsi486_mflickner`.`volunteer_completion` (`task_action_id`, `volunteer_completed`) VALUES (2, '2015-12-06 12:00:00-08:00');
INSERT INTO `cmsi486_mflickner`.`volunteer_completion` (`task_action_id`, `volunteer_completed`) VALUES (4, '2015-12-07 18:30:00-08:00');
INSERT INTO `cmsi486_mflickner`.`volunteer_completion` (`task_action_id`, `volunteer_completed`) VALUES (6, '2015-12-05 8:00:00-08:00');

COMMIT;


-- -----------------------------------------------------
-- Data for table `cmsi486_mflickner`.`opt_out`
-- -----------------------------------------------------
START TRANSACTION;
USE `cmsi486_mflickner`;
INSERT INTO `cmsi486_mflickner`.`opt_out` (`task_action_id`, `opt_out_date`) VALUES (8, '2015-12-05 14:00:00-08:00');

COMMIT;

